id,x,y,z,radius,number_channel
0,1037.566261932642,2139.3952610696665,2868.478152094139,12425.312273844238,5
1,6705.27762016471,3339.8469107554897,4175.410553501565,12650.41949665817,6
2,5877.517235369998,9528.303705262499,9320.693400263906,9745.34577368675,4
3,2317.4505125018463,7741.441676776447,3749.9670540649854,13386.965394190292,5
4,5877.062982544514,2704.026584247039,2814.881408830999,8835.536303164532,2
