id,x,y,z,radius,number_channel
0,3737.3591868916747,1237.8400498203746,0.0,9730.769033235149,6
1,1045.9307610887647,8661.863074602279,0.0,5855.564617628515,3
2,2532.2734847027327,8871.43548540147,0.0,8790.181114696927,4
3,9969.395925909372,5868.881025722398,0.0,13414.556930169054,2
4,6853.478475351944,9535.356364221323,0.0,7966.874771479672,4
