id,x,y,z,radius,number_channel
0,6825.996439547029,4309.937711037014,0.0,10765.322395633884,2
1,9611.355055034855,6062.990450485481,0.0,14960.619091505037,3
2,5258.035755177774,2066.349898808223,0.0,8490.39154873726,3
3,5083.225533599895,4799.158669149811,0.0,10863.833564667591,3
4,7080.555408318044,6239.373966650297,0.0,12668.077573196391,6
