id,x,y,z,radius,number_channel
0,5066.397126221108,4831.597958591307,0.0,9614.126427204967,6
1,3430.4107505913594,8788.692393803609,0.0,8459.360910439653,2
2,8260.817639872865,6721.109888769851,0.0,11663.453987576519,2
3,161.2459814208733,6677.657494273952,0.0,12387.558309492819,6
4,7638.292142227767,5475.443239637656,0.0,11709.595792899348,4
