id,x,y,z,radius,number_channel
0,5986.842629217462,2249.490584471119,1246.1763467286223,11234.795283678755,7
1,4633.223478416931,677.9402419371095,9625.448384478828,5250.440780484256,9
2,6161.701145436056,4867.823828988973,1554.6781156205725,5838.385564355577,7
3,4939.624072135229,4256.083579808617,3318.0070022242435,8275.177181826613,8
4,4956.417951181651,3153.9189120513356,4652.110636326042,6938.300713026152,8
