id,x,y,z,radius,number_channel
0,4108.331497799784,6811.185274773878,0.0,14362.460256532771,2
1,3877.5336004377027,4603.594922585865,0.0,12308.694120244265,5
2,3991.2652348463153,83.13669133450885,0.0,10649.88103960731,6
3,7035.843779833634,3037.0773474545645,0.0,12779.566765478026,4
4,5144.512103869775,339.53297599852993,0.0,11685.785782368363,3
