id,x,y,z,radius,number_channel
0,4346.400657247914,5973.248186759454,0.0,11053.702101760678,5
1,4941.185104057118,568.7555294196068,0.0,5264.836574110465,3
2,5028.130578999037,4496.287722490304,0.0,11153.325592087598,4
3,6308.473571567561,2865.411199417215,0.0,6018.054672528443,6
4,9126.645130093939,5933.302439246838,0.0,5200.073579806072,4
