id,x,y,z,radius,number_channel
0,2522.7860376432754,465.7379790936877,0.0,10621.247995773098,5
1,5636.265868467964,1218.3526864348116,0.0,12806.419115741639,6
2,9754.00308668573,4812.889696391095,0.0,13734.599132541005,6
3,8685.143794873788,9780.885852682582,0.0,12055.962829312026,6
4,6521.83056275958,9533.261471375234,0.0,14406.73805303977,6
