id,x,y,z,radius,number_channel
0,3024.5106117111777,2736.907234525252,0.0,10741.074763285033,6
1,6851.290797151436,7818.31465363648,0.0,6485.08642248343,9
2,556.0751282829157,7024.540630796233,0.0,12752.711323184709,10
3,9399.367255200095,9492.84295803231,0.0,12482.284787744475,10
4,3204.1286901058406,9409.000021804726,0.0,7118.11289454654,8
