id,x,y,z,radius,channels
0,-4914.7303249168535,8375.873618053618,0,7784,7
1,2068.48908666643,9692.990672352873,0,5397,6
2,6263.186916402257,-3632.017643430807,0,7740,8
